{"meta":{"generated":"2012-06-04T10:59:22+00:00","type":"categories"},"data":[{"id":10,"title":"Food","parent_id":173},{"id":11,"title":"Science, technology, health","parent_id":0},{"id":12,"title":"Holidays and events","parent_id":0},{"id":13,"title":"Money and business","parent_id":0},{"id":14,"title":"Jobs and professions","parent_id":175},{"id":15,"title":"Art and literature","parent_id":0},{"id":16,"title":"Maps","parent_id":17},{"id":17,"title":"General reference","parent_id":0},{"id":18,"title":"Meat","parent_id":10},{"id":19,"title":"Herbs, spices and condiments","parent_id":10},{"id":2,"title":"People","parent_id":0},{"id":20,"title":"Seafood\/fish","parent_id":10},{"id":21,"title":"Dairy produce","parent_id":10},{"id":22,"title":"Fruit and vegetables","parent_id":10},{"id":23,"title":"Baked goods","parent_id":10},{"id":24,"title":"Non-alcoholic drinks","parent_id":174},{"id":25,"title":"Alcoholic drinks","parent_id":174},{"id":26,"title":"Coffee houses","parent_id":198},{"id":27,"title":"Taverns","parent_id":198},{"id":28,"title":"Streets in London","parent_id":198},{"id":29,"title":"Other London buildings","parent_id":198},{"id":3,"title":"Places","parent_id":0},{"id":30,"title":"Rest of Britain","parent_id":3},{"id":31,"title":"Churches and cathedrals","parent_id":198},{"id":32,"title":"Travel and vehicles","parent_id":0},{"id":33,"title":"Instruments","parent_id":4},{"id":34,"title":"Ships","parent_id":32},{"id":35,"title":"Navy","parent_id":6},{"id":36,"title":"Law","parent_id":6},{"id":37,"title":"Government","parent_id":6},{"id":4,"title":"Music","parent_id":79},{"id":5,"title":"Theatre","parent_id":79},{"id":6,"title":"Government and law","parent_id":0},{"id":7,"title":"Health and medicine","parent_id":11},{"id":8,"title":"Fashion","parent_id":0},{"id":9,"title":"Religion","parent_id":0},{"id":45,"title":"Rest of the world","parent_id":3},{"id":48,"title":"Games","parent_id":79},{"id":50,"title":"Sports","parent_id":79},{"id":52,"title":"Glossary","parent_id":0},{"id":54,"title":"Fairs","parent_id":79},{"id":66,"title":"Literature","parent_id":15},{"id":67,"title":"Education","parent_id":175},{"id":77,"title":"Further reading","parent_id":0},{"id":79,"title":"Entertainment","parent_id":0},{"id":91,"title":"Samuel Pepys","parent_id":2},{"id":95,"title":"Companies","parent_id":13},{"id":126,"title":"Naval equipment","parent_id":35},{"id":128,"title":"Plays","parent_id":5},{"id":133,"title":"Pepys' household","parent_id":91},{"id":134,"title":"Pepys' servants (current)","parent_id":133},{"id":135,"title":"Pepys' servants (past)","parent_id":133},{"id":136,"title":"Dancing","parent_id":79},{"id":173,"title":"Food and drink","parent_id":0},{"id":174,"title":"Drink","parent_id":173},{"id":175,"title":"Work and education","parent_id":0},{"id":178,"title":"Pepys' homes","parent_id":198},{"id":180,"title":"Whitehall Palace - places within","parent_id":200},{"id":196,"title":"Areas of London","parent_id":198},{"id":197,"title":"Theatres","parent_id":198},{"id":198,"title":"London","parent_id":3},{"id":199,"title":"Government buildings","parent_id":198},{"id":200,"title":"Royal buildings","parent_id":198},{"id":201,"title":"Livery halls","parent_id":198},{"id":202,"title":"Cambridge - places within","parent_id":30},{"id":203,"title":"Barking, Essex - places within","parent_id":30},{"id":204,"title":"Woolwich - places within","parent_id":214},{"id":205,"title":"Welwyn, Hertfordshire - places within","parent_id":30},{"id":206,"title":"Hatfield, Hertfordshire - places within","parent_id":30},{"id":207,"title":"Barnet, Hertfordshire - places within","parent_id":30},{"id":208,"title":"Windsor - places within","parent_id":30},{"id":209,"title":"Waterways","parent_id":30},{"id":210,"title":"Wanstead, Essex - places within","parent_id":30},{"id":211,"title":"Greenwich - places within","parent_id":214},{"id":212,"title":"Portsmouth, Hampshire - places within","parent_id":30},{"id":213,"title":"Deptford - places within","parent_id":214},{"id":214,"title":"London environs","parent_id":3},{"id":215,"title":"Vauxhall - places within","parent_id":214},{"id":216,"title":"Gravesend, Kent - places within","parent_id":30},{"id":217,"title":"Rochester, Medway - places within","parent_id":30},{"id":240,"title":"Songs","parent_id":4},{"id":256,"title":"Types of coin","parent_id":13},{"id":265,"title":"Bristol - places within","parent_id":30},{"id":266,"title":"Bath - places within","parent_id":30},{"id":267,"title":"Oxford - places within","parent_id":30},{"id":268,"title":"Guildford, Surrey - places within","parent_id":30},{"id":269,"title":"Bills and Acts","parent_id":6},{"id":270,"title":"Scientific instruments","parent_id":11}]}